"The Surf Club Restaurant","9011 Collins Ave (Four Seasons)","Surfside, FL 33154","Continental/Fine Dining","$$$$","4.6/5 Google","N/A","N/A","Wanderlog/dishmiami (Michelin star)","Surfside"
"Lido Restaurant","9011 Collins Ave (Four Seasons Surf Club)","Surfside, FL 33154","Coastal Italian","$$$$","4.1/5 Google","416","N/A","dishmiami","Surfside"
"Winston's On The Beach","Four Seasons Surf Club","Surfside, FL 33154","Casual Seafood","$$$","N/A","N/A","N/A","Miami and Beaches","Surfside"
"Cafe Ragazzi","Surfside","Surfside, FL 33154","Italian-American","$$","4.2/5 Google","328","N/A","Miami and Beaches","Surfside"
"Neya","9491 Harding Ave","Surfside, FL 33154","Modern Israeli","$$","4.9/5 Google","N/A","N/A","Wanderlog","Surfside"
"Flanigan's (Surfside)","Surfside","Surfside, FL 33154","Steaks/Seafood","$$","4.3/5 Google","612","N/A","Miami and Beaches","Surfside"
"Fialkoff's Kosher Pizza","Surfside","Surfside, FL 33154","Kosher Pizza","$$","3.8/5 Google","116","N/A","Miami and Beaches","Surfside"
"Hikari","Surfside","Surfside, FL 33154","Sushi/Kosher","$$$","4.3/5 Google","96","N/A","Miami and Beaches","Surfside"
"Cine Citta Caffe","9544 Harding Ave","Surfside, FL 33154","Italian/Kosher Dairy","$$","3.7/5 Google","N/A","N/A","Wanderlog","Surfside"
"Carpaccio","9700 Collins Ave","Bal Harbour, FL 33154","Italian","$$-$$$","4.3/5 TA / 4.4 Google","2,711+ TA","(305) 867-7777","Tripadvisor/dishmiami","Bal Harbour"
"Makoto","9700 Collins Ave","Bal Harbour, FL 33154","Japanese/Sushi","$$$$","4.4/5 TA / 4.5 Google","1,132+ TA","N/A","Tripadvisor/dishmiami","Bal Harbour"
"Artisan Beach House","10295 Collins Ave (Ritz-Carlton)","Bal Harbour, FL 33154","Seafood/Global","$$-$$$","3.9/5 TA / 4.4 Google","67+ TA","N/A","Tripadvisor/dishmiami","Bal Harbour"
"The Terrace Restaurant","Bal Harbour Shops","Bal Harbour, FL 33154","Italian/American","$$-$$$","4.8/5 TA","81+ TA","N/A","Tripadvisor","Bal Harbour"
"Le Zoo","Bal Harbour Shops","Bal Harbour, FL 33154","French","$$-$$$","4.1/5 TA","435+ TA","N/A","Tripadvisor","Bal Harbour"
"Aba Miami (Bal Harbour)","Bal Harbour Shops","Bal Harbour, FL 33154","Mediterranean","$$$$","4.0/5 TA","34+ TA","N/A","Tripadvisor","Bal Harbour"
"Atlantikos","Bal Harbour Shops","Bal Harbour, FL 33154","Seafood/Mediterranean","$$$$","3.8/5 Google","185","N/A","Tripadvisor","Bal Harbour"
"The St. Regis Bar (St Regis Bal Harbour)","9703 Collins Ave","Bal Harbour, FL 33154","International/Sushi","$$-$$$","4.5/5 TA / 4.8 Google","80+ TA","N/A","Tripadvisor","Bal Harbour"
"Bh Burger","Bal Harbour Shops","Bal Harbour, FL 33154","American/Steakhouse/Burgers","$$-$$$","4.3/5 TA","89+ TA","N/A","Tripadvisor","Bal Harbour"
"Hillstone Restaurant at Bal Harbour","9700 Collins Ave","Bal Harbour, FL 33154","American","$$$","4.1/5 TA/Google","N/A","N/A","Wanderlog","Bal Harbour"
"Avenue 31 Cafe","9700 Collins Ave 2nd Fl","Bal Harbour, FL 33154","Italian/European Cafe","$$$","4.7/5 TA / 4.8 Google","N/A","N/A","Wanderlog","Bal Harbour"
"Cacio e Pepe Italian Restaurant","Near Bal Harbour Shops","Bal Harbour, FL 33154","Italian","$$","3.5/5 TA / 4.3 Google","N/A","N/A","Wanderlog","Bal Harbour"
"Morla","1052 Kane Concourse","Bay Harbor Islands, FL 33154","Peruvian/Baja fusion","$$$","4.9/5 Google","245","N/A","dishmiami","Bay Harbor Islands"
"Emilio's Trattoria","1088 Kane Concourse","Bay Harbor Islands, FL 33154","Italian","$$$","4.4/5 Google","180","N/A","Web search","Bay Harbor Islands"
"Bay Harbor Bistro & Bakery","1023 Kane Concourse","Bay Harbor Islands, FL 33154","American Breakfast/Brunch","$$","N/A","151+ Yelp","N/A","Yelp/Web search","Bay Harbor Islands"
"Pura Vida Bay Harbor","1001 Kane Concourse","Bay Harbor Islands, FL 33154","Health Food","$$","N/A","N/A","N/A","Web search","Bay Harbor Islands"
"Mamale Cafe & Pizza Bar","1017 Kane Concourse","Bay Harbor Islands, FL 33154","Kosher Pizza/Cafe","$$","4.8/5 Google","85","N/A","Web search","Bay Harbor Islands"
"Open Kitchen By Pure Simple Cooking","Kane Concourse","Bay Harbor Islands, FL 33154","Health Food","$$","N/A","N/A","N/A","Web search","Bay Harbor Islands"
"La Cabrera Sunny Isles","17100 Collins Ave","Sunny Isles Beach, FL 33160","Argentine Steakhouse","$$$$","N/A","126+ Yelp","N/A","Yelp/Web search","Sunny Isles Beach"
"Chayhana Oasis","Sunny Isles Beach","Sunny Isles Beach, FL 33160","Uzbek","$$$","4.4/5 Google","449","N/A","Web search","Sunny Isles Beach"
"Baires Grill - Sunny Isles","Sunny Isles Beach","Sunny Isles Beach, FL 33160","Argentine","$$$","4.3/5 Google","719","N/A","Web search","Sunny Isles Beach"
"Old Lisbon (Sunny Isles)","Sunny Isles Beach","Sunny Isles Beach, FL 33160","Portuguese","$$$","N/A","N/A","N/A","Web search","Sunny Isles Beach"
"Mykonos Kitchen & Bar","Sunny Isles Beach","Sunny Isles Beach, FL 33160","Greek/Japanese fusion","$$$","4.2/5 Google","357","N/A","Web search","Sunny Isles Beach"
"Reunion Ktchn Bar (Sunny Isles)","Sunny Isles Beach","Sunny Isles Beach, FL 33160","American/Eclectic","$$$","N/A","N/A","N/A","Web search","Sunny Isles Beach"
"Beach House Bar and Grill","Sunny Isles Beach","Sunny Isles Beach, FL 33160","American/Seafood","$$","N/A","N/A","N/A","Web search","Sunny Isles Beach"
"Gaby by Call Me Gaby (Sunny Isles)","Sunny Isles Beach","Sunny Isles Beach, FL 33160","Italian","$$$","N/A","N/A","N/A","Web search","Sunny Isles Beach"
"Avra Estiatorio Miami (Acqualina)","17875 Collins Ave (Estates at Acqualina)","Sunny Isles Beach, FL 33160","Greek","$$$$","N/A","N/A","N/A","Web search","Sunny Isles Beach"
"Timo Restaurant & Bar","17624 Collins Ave","Sunny Isles Beach, FL 33160","Italian/Mediterranean","$$$","4.5/5 Google","563","N/A","Web search","Sunny Isles Beach"
"Il Mulino New York - Sunny Isles Beach","17875 Collins Ave (Acqualina Resort)","Sunny Isles Beach, FL 33160","Italian","$$$$","4.3/5 Google","692","N/A","Forbes Travel Guide/Web search","Sunny Isles Beach"
"Gili's Beach Club","18001 Collins Ave (Trump Intl Beach Resort)","Sunny Isles Beach, FL 33160","Seafood/Sushi","$$$","4.1/5 Google","62","N/A","OpenTable/Trump Miami","Sunny Isles Beach"
"Rose Cafe & Restaurant","Sunny Isles Beach","Sunny Isles Beach, FL 33160","French/Healthy","$$","4.7/5 Google","294","N/A","Web search","Sunny Isles Beach"
"Azzurro (Trump Intl)","18001 Collins Ave","Sunny Isles Beach, FL 33160","Italian","$$$","N/A","N/A","N/A","Web search","Sunny Isles Beach"
"BALEENkitchen (Sunny Isles)","Sunny Isles Beach","Sunny Isles Beach, FL 33160","Eclectic/International","$$$","4.2/5 Google","280","N/A","Web search","Sunny Isles Beach"
"Fam Fre (Family Fresh Cafe)","Sunny Isles Beach","Sunny Isles Beach, FL 33160","Brasserie","$$","N/A","N/A","N/A","Web search","Sunny Isles Beach"
"Ke-uH (Acqualina Resort)","17875 Collins Ave","Sunny Isles Beach, FL 33160","Japanese Fusion","$$$$","4.3/5 Google","185","N/A","Web search","Sunny Isles Beach"
"Costa Grill (Acqualina Resort)","17875 Collins Ave","Sunny Isles Beach, FL 33160","Beachfront/Mediterranean","$$$","N/A","N/A","N/A","Web search","Sunny Isles Beach"
"Saka Mori (Trump Intl)","18001 Collins Ave","Sunny Isles Beach, FL 33160","Japanese Fusion","$$$","N/A","N/A","N/A","Web search","Sunny Isles Beach"
"Juniper On The Water (Sunny Isles)","Sunny Isles Beach","Sunny Isles Beach, FL 33160","Seafood","$$$","N/A","N/A","N/A","Web search","Sunny Isles Beach"
"Cut 38","Sunny Isles Beach","Sunny Isles Beach, FL 33160","Steakhouse","$$$","N/A","N/A","N/A","Web search","Sunny Isles Beach"
"Dulce Tropical Restaurant & Cafe","N/A","North Miami, FL","Latin/Venezuelan","$$-$$$","4.7/5 Google","223","N/A","Tripadvisor","North Miami"
"Little Havana Restaurant (North Miami)","N/A","North Miami, FL","Caribbean/Latin","$$-$$$","4.4/5 Google","499","N/A","Tripadvisor","North Miami"
"Casa Mia Trattoria","N/A","North Miami, FL","Italian/Tuscan","$$-$$$","4.6/5 Google","271","N/A","Tripadvisor","North Miami"
"Flanigan's Seafood Bar & Grill (North Miami)","N/A","North Miami, FL","American/Seafood","$$-$$$","4.1/5 Google","632","N/A","Tripadvisor","North Miami"
"Ricky Thai Bistro","N/A","North Miami, FL","Thai","$$-$$$","4.8/5 Google","335","N/A","Tripadvisor","North Miami"
"Emma & Lorenzo Trattoria","N/A","North Miami, FL","Italian","$$-$$$","4.6/5 Google","173","N/A","Tripadvisor","North Miami"
"Sapori Miami","N/A","North Miami, FL","Italian/Cafe","$$-$$$","4.3/5 Google","327","N/A","Tripadvisor","North Miami"
"Three Palms Cuban Cafe","N/A","North Miami, FL","Cuban/Latin","$","4.1/5 Google","374","N/A","Tripadvisor","North Miami"
"Captain Jim's Seafood Market & Restaurant","N/A","North Miami, FL","Seafood/American","$$-$$$","4.4/5 Google","317","N/A","Tripadvisor","North Miami"
"Ristorante Portovino","N/A","North Miami, FL","Italian","$$-$$$","4.4/5 Google","103","N/A","Tripadvisor","North Miami"
"Lo de Lea Argentinian Grill","N/A","North Miami, FL","Argentinean/Latin","$$-$$$","4.8/5 Google","449","N/A","Tripadvisor","North Miami"
"Arigatai","N/A","North Miami, FL","Japanese/Seafood","$$-$$$","4.8/5 Google","612","N/A","Tripadvisor","North Miami"
"Mimmos Mozzarella","N/A","North Miami, FL","Italian/Cafe","$$-$$$","4.9/5 Google","198","N/A","Tripadvisor","North Miami"
"Edan Bistro","N/A","North Miami, FL","Cafe/Spanish","$$-$$$","4.5/5 Google","349","N/A","Tripadvisor","North Miami"
"Oishi Thai","N/A","North Miami, FL","Thai/Sushi","$$-$$$","4.4/5 Tripadvisor","121 reviews","N/A","Tripadvisor","North Miami"
"Piccolo Pizza & More","N/A","North Miami, FL","Italian/Pizza","$","4.6/5 Google","148","N/A","Tripadvisor","North Miami"
"Alexander Greek Taverna","N/A","North Miami, FL","Greek/Mediterranean","$$-$$$","3.9/5 Google","147","N/A","Tripadvisor","North Miami"
"Perl","N/A","North Miami, FL","Mediterranean/Japanese Fusion","$$$","4.6/5 Google","361","N/A","WebSearch","North Miami"
"Mutra","2188 NE 123rd St","North Miami, FL","Israeli/Middle Eastern (Michelin Star 2026)","$$$$","4.5/5 Google","124","N/A","Michelin Guide/Wikipedia","North Miami"
"Topkapi","14652 Biscayne Blvd","North Miami, FL 33181","Turkish","$$-$$$","N/A","N/A","N/A","The Infatuation","North Miami"
"Farofa Taste Of Brazil","14691 Biscayne Blvd","North Miami, FL 33181","Brazilian","$$-$$$","4.2/5 Google","303","N/A","The Infatuation","North Miami"
"Basilic Vietnamese Grill","14734 Biscayne Blvd","North Miami, FL 33181","Vietnamese","$$-$$$","4.4/5 Google","786 reviews","N/A","Wanderlog/The Infatuation","North Miami"
"Reunion Ktchn Bar (Aventura)","18167 Biscayne Blvd","Aventura, FL 33160","American/Bar","$$-$$$","4.7/5 Google","2,414 reviews","N/A","Wanderlog","Aventura"
"CVI.CHE 105 (Aventura)","19565 Biscayne Blvd #954","Aventura, FL 33180","Peruvian","$$-$$$","5.0/5 Google","3422","N/A","Tripadvisor","Aventura"
"Gala","N/A","Aventura, FL","American/Latin","$$-$$$","4.9/5 Tripadvisor","159 reviews","N/A","Tripadvisor","Aventura"
"The Green Pointe Restaurant","N/A","Aventura, FL","Italian/Steakhouse","$$-$$$","4.8/5 Google","508","N/A","Tripadvisor","Aventura"
"Pollos & Jarras (Aventura)","N/A","Aventura, FL","Peruvian/Latin","$$-$$$","4.9/5 Google","1318","N/A","Tripadvisor","Aventura"
"Bourbon Steak Miami","19999 W Country Club Dr","Aventura, FL 33180","Steakhouse/Seafood","$$$$","4.4/5 Google","1,149 reviews","N/A","Wanderlog","Aventura"
"Sicilian Oven (Aventura)","N/A","Aventura, FL","Pizza/Italian","$$-$$$","4.2/5 Google","411","N/A","Tripadvisor","Aventura"
"Divieto Ristorante (Aventura)","19575 Biscayne Blvd Suite 375","Aventura, FL 33180","Italian","$$-$$$","4.7/5 Google","2,752 reviews","N/A","Wanderlog","Aventura"
"PANI","N/A","Aventura, FL","Argentinean/South American","$$-$$$","4.7/5 Tripadvisor","135 reviews","N/A","Tripadvisor","Aventura"
"CORSAIR kitchen & bar","N/A","Aventura, FL","American/Bar","$$-$$$","3.6/5 Google","298","N/A","Tripadvisor","Aventura"
"Blind Tiger Experience","N/A","Aventura, FL","Japanese/Sushi","$$-$$$","4.7/5 Google","399","N/A","Tripadvisor","Aventura"
"Bella Luna","N/A","Aventura, FL","Contemporary/Italian","$$-$$$","4.0/5 Tripadvisor","826 reviews","N/A","Tripadvisor","Aventura"
"Soho Asian Bar & Grill","N/A","Aventura, FL","Asian","$$-$$$","4.6/5 Google","714","N/A","Tripadvisor","Aventura"
"Novecento (Aventura)","N/A","Aventura, FL","Italian/Steakhouse","$$-$$$","4.6/5 Google","878","N/A","Tripadvisor","Aventura"
"La Boulangerie Boul'Mich (Aventura)","N/A","Aventura, FL","French/Latin","$$-$$$","4.8/5 Google","729","N/A","Tripadvisor","Aventura"
"Serafina Miami","N/A","Aventura, FL","Italian/Pizza","$$-$$$","4.2/5 Google","667","N/A","Tripadvisor","Aventura"
"Casa D'Angelo Ristorante (Aventura)","2906 NE 207th St","Aventura, FL 33180","Italian","$$$$","4.4/5 Google","725 reviews","N/A","Wanderlog","Aventura"
"Motek Aventura","19565 Biscayne Blvd #946","Aventura, FL 33180","Mediterranean/Middle Eastern","$$$$","4.7/5 Google","5,334 reviews","N/A","Wanderlog","Aventura"
"Pubbelly Sushi (Aventura)","19565 Biscayne Blvd Ste 936","Aventura, FL 33180","Sushi/Asian Fusion","$$-$$$","4.6/5 Google","2,637 reviews","N/A","Wanderlog","Aventura"
"Bulla Gastrobar Aventura","N/A","Aventura, FL","Spanish/Gastropub","$$-$$$","4.7/5 Tripadvisor","9 reviews","N/A","Tripadvisor","Aventura"
"Padrino's Cuban Restaurant (Aventura)","N/A","Aventura, FL","Cuban","$$-$$$","4.4/5 Tripadvisor","965 reviews","N/A","Tripadvisor","Aventura"
"Paquito's Mexican Restaurant","N/A","Aventura, FL","Mexican/Latin","$$-$$$","4.0/5 Tripadvisor","203 reviews","N/A","Tripadvisor","Aventura"
"Avila Bistro","N/A","Aventura, FL","Venezuelan/Latin","$","4.6/5 Google","257","N/A","Tripadvisor","Aventura"
"bartaco (Aventura)","2906 NE 207th St Ste 104","Aventura, FL 33180","Mexican","$$-$$$","4.6/5 Google","1,827 reviews","N/A","Wanderlog","Aventura"
"Toku Miami","19575 Biscayne Blvd Suite 1109","Aventura, FL 33180","Asian Fusion","$$-$$$","4.2/5 Google","569 reviews","N/A","Wanderlog","Aventura"
"Barrio Latino Restaurant","20475 Biscayne Blvd G13","Aventura, FL 33180","Latin American","$$-$$$","4.4/5 Google","1,919 reviews","N/A","Wanderlog","Aventura"
"Tap 42 Craft Kitchen & Bar (Aventura)","19565 Biscayne Blvd Suite #1960","Aventura, FL 33180","American/Bar & Grill","$$-$$$","4.2/5 Google","2,581 reviews","N/A","Wanderlog","Aventura"
"Jarana Aventura","19505 Biscayne Blvd Ste 5150","Aventura, FL 33180","Peruvian","$$-$$$","4.5/5 Google","767 reviews","N/A","Wanderlog","Aventura"
"Jrk!","19565 Biscayne Blvd","Aventura, FL 33180","Jamaican/Caribbean","$$-$$$","4.6/5 Google","761 reviews","N/A","Wanderlog","Aventura"
"JOEY Aventura","19505 Biscayne Blvd Suite 1150","Aventura, FL 33180","Contemporary Casual/American","$$-$$$","N/A","N/A","N/A","WebSearch/JOEY Restaurants","Aventura"
"La Cabrera (Aventura)","N/A","Aventura, FL","Argentine Steakhouse","$$$","N/A","N/A","N/A","WebSearch","Aventura"
"Old Lisbon (Aventura)","N/A","Aventura, FL","Portuguese","$$-$$$","4.8/5 Google","140","N/A","WebSearch","Aventura"
"Le Vida","N/A","Aventura, FL","N/A","N/A","N/A","N/A","N/A","WebSearch","Aventura"
"Rick's Steakhouse & Lounge","N/A","Aventura, FL","Steakhouse","$$$","N/A","N/A","N/A","WebSearch","Aventura"
"Gaby by Call Me Gaby (Aventura)","N/A","Aventura, FL","N/A","N/A","4.1/5 Google","205","N/A","WebSearch","Aventura"
"BALEENkitchen (Aventura)","N/A","Aventura, FL","Contemporary (Michelin listed)","$$$","N/A","N/A","N/A","Michelin Guide","Aventura"
"Houston's (North Miami Beach)","17355 Biscayne Blvd","North Miami Beach, FL 33160","American/Steakhouse","$$-$$$","4.3/5 Google","4,191 reviews","N/A","Wanderlog","North Miami Beach"
"Ginza Japanese Buffet","N/A","North Miami Beach, FL","Japanese/Seafood","$","4.2/5 Google","467","N/A","Tripadvisor","North Miami Beach"
"Mizumi Buffet & Sushi","N/A","North Miami Beach, FL","Japanese/Sushi","$$-$$$","4.4/5 Google","537","N/A","Tripadvisor","North Miami Beach"
"La Birra Bar (North Miami Beach)","N/A","North Miami Beach, FL","American/Brew Pub","$$-$$$","4.9/5 Google","2268","N/A","Tripadvisor","North Miami Beach"
"Duffy's Sports Grill (North Miami Beach)","N/A","North Miami Beach, FL","American/Bar","$$-$$$","4.6/5 Google","981","N/A","Tripadvisor","North Miami Beach"
"Tatore","14730 Biscayne Blvd","North Miami Beach, FL 33181","Italian","$$-$$$","4.5/5 Google","2,483 reviews","N/A","Wanderlog","North Miami Beach"
"Sea Grill Restaurant","3913 NE 163rd St","North Miami Beach, FL 33160","Greek/Seafood","$$$$","4.2/5 Google","484","N/A","Tripadvisor/Wanderlog","North Miami Beach"
"Lettuce & Tomato","17070 W Dixie Hwy","North Miami Beach, FL 33160","Gastropub/Fusion/Sushi","$$-$$$","4.5/5 Google","1,063 reviews","N/A","Wanderlog","North Miami Beach"
"Morton's The Steakhouse (North Miami Beach)","N/A","North Miami Beach, FL","Steakhouse/Seafood","$$$$","3.9/5 Tripadvisor","325 reviews","N/A","Tripadvisor","North Miami Beach"
"Blue Marlin Fish House","N/A","North Miami Beach, FL","American/Seafood","$$-$$$","4.8/5 Tripadvisor","5 reviews","N/A","Tripadvisor","North Miami Beach"
"First Watch (North Miami Beach)","N/A","North Miami Beach, FL","American/Breakfast","$$-$$$","3.8/5 Tripadvisor","60 reviews","N/A","Tripadvisor","North Miami Beach"
"Ceviche Inka Miami","N/A","North Miami Beach, FL","Peruvian","$$-$$$","4.7/5 Google","614","N/A","Tripadvisor","North Miami Beach"
"Kabobji","3055 NE 163rd St","North Miami Beach, FL 33160","Lebanese/Mediterranean","$$-$$$","4.5/5 Google","2,306 reviews","N/A","Wanderlog","North Miami Beach"
"Chef Creole Seasoned Restaurant (NMB)","N/A","North Miami Beach, FL","Caribbean/Seafood","$","4.4/5 Tripadvisor","16 reviews","N/A","Tripadvisor","North Miami Beach"
"PhoMi2Go","17010 W Dixie Hwy","North Miami Beach, FL 33160","Vietnamese","$","4.4/5 Google","744 reviews","N/A","Wanderlog","North Miami Beach"
"Barra Callao","17034 W Dixie Hwy","North Miami Beach, FL 33160","Peruvian","$$$$","5.0/5 Google","489","N/A","The Infatuation","North Miami Beach"
"King Palace Chinese BBQ","330 NE 167th St","North Miami Beach, FL 33162","Chinese/BBQ","$$-$$$","4.4/5 Google","1,031 reviews","N/A","Wanderlog","North Miami Beach"
"Korean Kitchen","1661 NE 163rd St","North Miami Beach, FL 33162","Korean","$$$$","4.3/5 Google","308","N/A","The Infatuation","North Miami Beach"
"Panya Thai Restaurant","520 NE 167th St","North Miami Beach, FL 33162","Thai","$$-$$$","4.5/5 Google","894 reviews","N/A","Wanderlog","North Miami Beach"
"Sichuan Fish","1242 NE 163rd St","North Miami Beach, FL 33162","Chinese","$$$$","4.0/5 Google","253","N/A","The Infatuation","North Miami Beach"
"Sim Sim Cafe","2995 NE 163rd St","North Miami Beach, FL 33160","Uzbek","$$-$$$","N/A","N/A","N/A","The Infatuation","North Miami Beach"
"Dumpling King","237 NE 167th St","North Miami Beach, FL 33162","Chinese","$$-$$$","4.3/5 Google","306","N/A","The Infatuation","North Miami Beach"
"Sang's Chinese Food & Dim Sum","1925 NE 163rd St","North Miami Beach, FL 33162","Chinese/Dim Sum","$$-$$$","4.0/5 Google","277","N/A","The Infatuation","North Miami Beach"
"Lique Miami Waterfront Restaurant","3957 NE 163rd St","North Miami Beach, FL 33160","Mediterranean/Sushi","$$-$$$","4.1/5 Google","1,605 reviews","N/A","Wanderlog","North Miami Beach"
"YAKKOSAN","3881 NE 163rd St","North Miami Beach, FL 33160","Japanese/Asian Fusion","$$-$$$","4.2/5 Google","1,001 reviews","N/A","Wanderlog","North Miami Beach"
"Merkado 31","1127 NE 163rd St","North Miami Beach, FL 33162","Peruvian","$$-$$$","4.7/5 Google","4,022 reviews","N/A","Wanderlog","North Miami Beach"
"Pepitos Burgers & Shakes","2590 NE 186th St","North Miami Beach, FL","Venezuelan/Burgers","$","4.5/5 Google","383 reviews","N/A","Wanderlog","North Miami Beach"
"Little Saigon (North Miami Beach)","16752 N Miami Ave","North Miami Beach, FL","Vietnamese","$$-$$$","3.9/5 Google","561 reviews","N/A","Wanderlog","North Miami Beach"
"Land n Sea Cajun Seafood","N/A (inside iFresh Asian Market)","North Miami Beach, FL","Seafood/Chinese BBQ","$$","N/A","N/A","N/A","WebSearch","North Miami Beach"
